<?xml version="1.0" encoding="UTF-8" ?>
<adfmf:features xmlns:xsi="http://www.w3.org/2001/XMLSchema-instance" xmlns:adfmf="http://xmlns.oracle.com/adf/mf">
  <adfmf:feature id="com.company.myorders.Orders" name="Orders" securityEnabled="true">
    <adfmf:content id="com.company.myorders.Orders.1">
      <adfmf:amx file="com.company.myorders.Orders/ViewController-task-flow.xml#ViewController-task-flow">
        <adfmf:includes>
          <adfmf:include type="StyleSheet" file="resources/css/MyOrdersSkin.css" id="i1"/>
          <adfmf:include type="StyleSheet" file="resources/font-awesome-4.3.0/css/font-awesome.css" id="i2"/>
        </adfmf:includes>
      </adfmf:amx>
    </adfmf:content>
  </adfmf:feature>
  <adfmf:feature id="com.company.myorders.Settings" name="Settings" securityEnabled="true">
    <adfmf:content id="com.company.myorders.Settings.1">
      <adfmf:amx file="com.company.myorders.Settings/Settings.amx">
        <adfmf:includes>
          <adfmf:include type="StyleSheet" file="resources/css/MyOrdersSkin.css" id="i3"/>
          <adfmf:include type="StyleSheet" file="resources/font-awesome-4.3.0/css/font-awesome.css" id="i4"/>
        </adfmf:includes>
      </adfmf:amx>
    </adfmf:content>
  </adfmf:feature>
</adfmf:features>
